{
  "generated": "2025-11-08T06:21:32Z",
  "spread": {
    "games": 1070,
    "intercept": 2.3772581985874885,
    "slope": 0.9710928528357688
  },
  "total": {
    "games": 1070,
    "intercept": 4.65832331114202,
    "slope": 0.9018722537073646
  }
}