{
  "defense": {
    "adj_ppa_defense_pass_z": -0.7154441704286264,
    "adj_ppa_defense_rush_z": -2.950590389481317,
    "adj_ppa_defense_z": 5.257867679451271,
    "adv_def_explosiveness_z": -0.6901745419960764,
    "adv_def_line_yards_z": -0.2930053195501536,
    "adv_def_open_field_yards_z": -0.4442087165642055,
    "adv_def_pass_explosiveness_z": 0.0,
    "adv_def_passing_down_success_z": 0.0,
    "adv_def_power_success_z": 0.2933992933171296,
    "adv_def_rush_explosiveness_z": 0.0,
    "adv_def_second_level_yards_z": 0.11064269775164269,
    "adv_def_standard_down_success_z": 0.0,
    "adv_def_stuff_rate_z": 0.0034334643116247783,
    "adv_def_success_rate_z": -2.7768891395030644,
    "fpi_defense_z": 0.0,
    "ppa_def_pass_z": -2.5370421686425604,
    "ppa_def_rush_z": 1.6921147753116252,
    "ppa_defense_z": -0.5230567528081455,
    "sp_defense_z": 7.411536226818342
  },
  "generated": "2025-11-08T01:55:16Z",
  "meta": {
    "defense_rows": 1268,
    "offense_rows": 1268,
    "power_rows": 1268
  },
  "offense": {
    "adj_ppa_offense_pass_z": -1.080010324733401,
    "adj_ppa_offense_rush_z": -0.6469766351411618,
    "adj_ppa_offense_z": 4.103459495635549,
    "adv_off_line_yards_z": -0.06819771618222872,
    "adv_off_open_field_yards_z": 1.5884001366851963,
    "adv_off_pass_explosiveness_z": 0.0,
    "adv_off_passing_down_success_z": 0.0,
    "adv_off_power_success_z": 0.11404394695588407,
    "adv_off_rush_explosiveness_z": 0.0,
    "adv_off_second_level_yards_z": -0.811003793076883,
    "adv_off_standard_down_success_z": 0.0,
    "adv_off_stuff_rate_z": -1.307273839917374,
    "adv_off_success_rate_z": 0.1989959652422089,
    "fpi_offense_z": 0.0,
    "ppa_offense_z": -1.1983194064901779,
    "ppa_passing_z": -2.054811212419461,
    "ppa_rushing_z": -2.008544400755036,
    "sp_offense_z": 7.348715867868607,
    "sp_special_z": 0.0
  },
  "power": {
    "defense_rating": 0.5798927111840781,
    "elo_z": 7.30937280575615,
    "fpi_z": 7.055477588703738,
    "offense_rating": 0.5453850231440265,
    "sp_rating_z": -9.108900722732507
  }
}