{
  "spread": {
    "intercept": 1.7094638672379756,
    "home_offense": -14.985062812128799,
    "away_offense": 16.353615350193895,
    "home_defense": -15.216910378687786,
    "away_defense": 15.560376136241903,
    "power_diff": 15.995802992225121,
    "home_adv": 1.1536856574286292,
    "wind_high": 0.07292439573360984,
    "cold": -0.06754421048793254,
    "heat": -0.10350103849241418,
    "rain": 3.999703940630229,
    "snow": -6.459944373193998,
    "humid": -0.21300402059885531,
    "dewpos": -0.0400495568877207
  },
  "total": {
    "intercept": 54.33273360898349,
    "home_offense": 7.556763980484822,
    "away_offense": 6.853562072857297,
    "home_defense": -5.419530020368829,
    "away_defense": -5.847328694377049,
    "wind_high": -0.5748074979039652,
    "cold": 0.15604375680261245,
    "heat": -0.1577487815850829,
    "rain": 1.7253185052603528,
    "snow": 1.2601498207541146,
    "humid": -0.21645310639431975,
    "dewpos": -0.09913805619752
  }
}