{
  "defense": {
    "adj_ppa_defense_pass_z": -1.4302792799415618,
    "adj_ppa_defense_rush_z": -2.7016211551857485,
    "adj_ppa_defense_z": 6.182096681073064,
    "adv_def_explosiveness_z": -0.7937282899326913,
    "adv_def_line_yards_z": -0.54867092397779,
    "adv_def_open_field_yards_z": -0.6591673422853378,
    "adv_def_pass_explosiveness_z": 0.0,
    "adv_def_passing_down_success_z": 0.0,
    "adv_def_power_success_z": 0.30268124460326046,
    "adv_def_rush_explosiveness_z": 0.0,
    "adv_def_second_level_yards_z": 0.22572749635422973,
    "adv_def_standard_down_success_z": 0.0,
    "adv_def_stuff_rate_z": 0.050588393686492324,
    "adv_def_success_rate_z": -2.9559021780978973,
    "fpi_defense_z": 0.0,
    "ppa_def_pass_z": -1.7842180830666654,
    "ppa_def_rush_z": 1.9570393877498735,
    "ppa_defense_z": -1.3304044070494756,
    "sp_defense_z": 7.39938577706173
  },
  "generated": "2025-11-05T18:11:28Z",
  "meta": {
    "defense_rows": 1268,
    "offense_rows": 1268,
    "power_rows": 1268
  },
  "offense": {
    "adj_ppa_offense_pass_z": -1.1482730389814892,
    "adj_ppa_offense_rush_z": -0.5521263013085774,
    "adj_ppa_offense_z": 4.297938873086476,
    "adv_off_line_yards_z": -0.04187769610185169,
    "adv_off_open_field_yards_z": 1.630318829304163,
    "adv_off_pass_explosiveness_z": 0.0,
    "adv_off_passing_down_success_z": 0.0,
    "adv_off_power_success_z": 0.08139293142700435,
    "adv_off_rush_explosiveness_z": 0.0,
    "adv_off_second_level_yards_z": -0.8964536066572296,
    "adv_off_standard_down_success_z": 0.0,
    "adv_off_stuff_rate_z": -1.2347868935270772,
    "adv_off_success_rate_z": 0.16160241654001872,
    "fpi_offense_z": 0.0,
    "ppa_offense_z": -0.8752932210541748,
    "ppa_passing_z": -2.042573809591492,
    "ppa_rushing_z": -1.8980283563527078,
    "sp_offense_z": 6.741575978949908,
    "sp_special_z": 0.0
  },
  "power": {
    "defense_rating": 0.5299651050963073,
    "elo_z": 7.493771735173803,
    "fpi_z": 7.1126548094778554,
    "offense_rating": 0.49406502752902837,
    "sp_rating_z": -8.814270662152197
  }
}