{
  "defense": {
    "adj_ppa_defense_pass_z": -0.8647511953226156,
    "adj_ppa_defense_rush_z": -2.84615017321046,
    "adj_ppa_defense_z": 5.4095884222124235,
    "adv_def_explosiveness_z": -0.6281260022391362,
    "adv_def_line_yards_z": -0.26762829725567394,
    "adv_def_open_field_yards_z": -0.43937181381591994,
    "adv_def_pass_explosiveness_z": 0.0,
    "adv_def_passing_down_success_z": 0.0,
    "adv_def_power_success_z": 0.33592482569966786,
    "adv_def_rush_explosiveness_z": 0.0,
    "adv_def_second_level_yards_z": 0.09544345236848416,
    "adv_def_standard_down_success_z": 0.0,
    "adv_def_stuff_rate_z": 0.04130324106667876,
    "adv_def_success_rate_z": -2.6495311048985646,
    "fpi_defense_z": 0.0,
    "ppa_def_pass_z": -2.1272458462464736,
    "ppa_def_rush_z": 1.8516567465745153,
    "ppa_defense_z": -1.1484746234513317,
    "sp_defense_z": 7.298357543133231
  },
  "generated": "2025-11-08T13:57:54Z",
  "meta": {
    "defense_rows": 1268,
    "offense_rows": 1268,
    "power_rows": 1268
  },
  "offense": {
    "adj_ppa_offense_pass_z": -1.0473538738955885,
    "adj_ppa_offense_rush_z": -0.68774404086051,
    "adj_ppa_offense_z": 4.3041941431667015,
    "adv_off_line_yards_z": -0.07021860708733707,
    "adv_off_open_field_yards_z": 1.5964068935881615,
    "adv_off_pass_explosiveness_z": 0.0,
    "adv_off_passing_down_success_z": 0.0,
    "adv_off_power_success_z": 0.09811977072916576,
    "adv_off_rush_explosiveness_z": 0.0,
    "adv_off_second_level_yards_z": -0.7527718468443304,
    "adv_off_standard_down_success_z": 0.0,
    "adv_off_stuff_rate_z": -1.375075672735236,
    "adv_off_success_rate_z": 0.12713526660115065,
    "fpi_offense_z": 0.0,
    "ppa_offense_z": -1.2308687144540686,
    "ppa_passing_z": -2.0386883358260746,
    "ppa_rushing_z": -2.0523920274247844,
    "sp_offense_z": 7.254365013447087,
    "sp_special_z": 0.0
  },
  "power": {
    "defense_rating": 0.5744288966732407,
    "elo_z": 7.356218009225594,
    "fpi_z": 7.019703770898449,
    "offense_rating": 0.5326885482028066,
    "sp_rating_z": -9.025537579737334
  }
}