{
  "defense": {
    "adj_ppa_defense_pass_z": -0.8647511953226655,
    "adj_ppa_defense_rush_z": -2.8461501732104266,
    "adj_ppa_defense_z": 5.409588422212435,
    "adv_def_explosiveness_z": -0.6281260022391438,
    "adv_def_line_yards_z": -0.26762829725566883,
    "adv_def_open_field_yards_z": -0.439371813815925,
    "adv_def_pass_explosiveness_z": 0.0,
    "adv_def_passing_down_success_z": 0.0,
    "adv_def_power_success_z": 0.3359248256996672,
    "adv_def_rush_explosiveness_z": 0.0,
    "adv_def_second_level_yards_z": 0.09544345236850828,
    "adv_def_standard_down_success_z": 0.0,
    "adv_def_stuff_rate_z": 0.04130324106667642,
    "adv_def_success_rate_z": -2.6495311048985877,
    "fpi_defense_z": 0.0,
    "ppa_def_pass_z": -2.1272458462463653,
    "ppa_def_rush_z": 1.8516567465745086,
    "ppa_defense_z": -1.1484746234514087,
    "sp_defense_z": 7.298357543133225
  },
  "generated": "2025-11-08T06:28:37Z",
  "meta": {
    "defense_rows": 1268,
    "offense_rows": 1268,
    "power_rows": 1268
  },
  "offense": {
    "adj_ppa_offense_pass_z": -1.0473538738956265,
    "adj_ppa_offense_rush_z": -0.6877440408605359,
    "adj_ppa_offense_z": 4.304194143166739,
    "adv_off_line_yards_z": -0.07021860708734082,
    "adv_off_open_field_yards_z": 1.5964068935881661,
    "adv_off_pass_explosiveness_z": 0.0,
    "adv_off_passing_down_success_z": 0.0,
    "adv_off_power_success_z": 0.09811977072916327,
    "adv_off_rush_explosiveness_z": 0.0,
    "adv_off_second_level_yards_z": -0.7527718468443196,
    "adv_off_standard_down_success_z": 0.0,
    "adv_off_stuff_rate_z": -1.3750756727352476,
    "adv_off_success_rate_z": 0.1271352666011487,
    "fpi_offense_z": 0.0,
    "ppa_offense_z": -1.230868714454161,
    "ppa_passing_z": -2.0386883358260097,
    "ppa_rushing_z": -2.052392027424759,
    "sp_offense_z": 7.2543650134471145,
    "sp_special_z": 0.0
  },
  "power": {
    "defense_rating": 0.5744288966732357,
    "elo_z": 7.356218009225542,
    "fpi_z": 7.019703770898504,
    "offense_rating": 0.5326885482028006,
    "sp_rating_z": -9.025537579737273
  }
}