{
  "defense": {
    "adj_ppa_defense_pass_z": -0.8647511953225315,
    "adj_ppa_defense_rush_z": -2.8461501732102885,
    "adj_ppa_defense_z": 5.40958842221218,
    "adv_def_explosiveness_z": -0.6281260022391228,
    "adv_def_line_yards_z": -0.2676282972556546,
    "adv_def_open_field_yards_z": -0.43937181381590723,
    "adv_def_pass_explosiveness_z": 0.0,
    "adv_def_passing_down_success_z": 0.0,
    "adv_def_power_success_z": 0.3359248256996526,
    "adv_def_rush_explosiveness_z": 0.0,
    "adv_def_second_level_yards_z": 0.09544345236848105,
    "adv_def_standard_down_success_z": 0.0,
    "adv_def_stuff_rate_z": 0.0413032410666698,
    "adv_def_success_rate_z": -2.649531104898557,
    "fpi_defense_z": 0.0,
    "ppa_def_pass_z": -2.127245846246531,
    "ppa_def_rush_z": 1.8516567465743496,
    "ppa_defense_z": -1.1484746234511567,
    "sp_defense_z": 7.298357543133248
  },
  "generated": "2025-11-08T13:44:45Z",
  "meta": {
    "defense_rows": 1268,
    "offense_rows": 1268,
    "power_rows": 1268
  },
  "offense": {
    "adj_ppa_offense_pass_z": -1.047353873895693,
    "adj_ppa_offense_rush_z": -0.6877440408605795,
    "adj_ppa_offense_z": 4.3041941431668365,
    "adv_off_line_yards_z": -0.07021860708735386,
    "adv_off_open_field_yards_z": 1.5964068935881641,
    "adv_off_pass_explosiveness_z": 0.0,
    "adv_off_passing_down_success_z": 0.0,
    "adv_off_power_success_z": 0.09811977072916221,
    "adv_off_rush_explosiveness_z": 0.0,
    "adv_off_second_level_yards_z": -0.7527718468443105,
    "adv_off_standard_down_success_z": 0.0,
    "adv_off_stuff_rate_z": -1.3750756727352451,
    "adv_off_success_rate_z": 0.12713526660115065,
    "fpi_offense_z": 0.0,
    "ppa_offense_z": -1.2308687144542487,
    "ppa_passing_z": -2.0386883358259404,
    "ppa_rushing_z": -2.0523920274247227,
    "sp_offense_z": 7.2543650134471065,
    "sp_special_z": 0.0
  },
  "power": {
    "defense_rating": 0.5744288966732413,
    "elo_z": 7.356218009225542,
    "fpi_z": 7.0197037708984835,
    "offense_rating": 0.5326885482028012,
    "sp_rating_z": -9.025537579737287
  }
}