season,games,spread_mae,total_mae,brier
2025,1458,18.65892686880607,13.383552840026788,0.23641452989813586
