season,games,spread_mae,total_mae,brier
2024,2174,18.34339805405599,14.095238632298926,0.24261501368324537
