season,games,spread_mae,total_mae,brier
2025,1458,19.260488759719706,13.383552840026788,0.24980377850278135
