season,games,spread_mae,total_mae,brier
2024,2174,18.73908033226536,14.095238632298926,0.25108008341140153
