season,games,spread_mae,total_mae,brier
2025,1456,19.00248872944664,13.646464538827804,0.2432103179211918
