season,games,spread_mae,total_mae,brier
2024,2174,18.344567391733243,14.679591789407029,0.24215016007849552
