season,games,spread_mae,total_mae,brier
2024,2174,18.339290450250424,14.093162536460001,0.24254456270804547
