season,games,spread_mae,total_mae,brier
2024,2166,18.462169682459717,13.916028067657217,0.24701603207260328
