season,games,spread_mae,total_mae,brier
2024,2174,18.187971084702497,14.855578187433107,0.2396719471666045
