season,games,spread_mae,spread_mae_blended,total_mae,total_mae_blended,brier,brier_blended
2025,1293,18.656264092591062,18.656264092591062,13.358989381186301,13.358989381186301,0.23108749801954379,0.2328078371027486
